Distance Bin Center (km),Mean Passthrough Rate,Median Passthrough Rate
0.5,0.42489044468427684,0.37291408954805805
1.5,0.3939035975066205,0.4121229427249954
2.5,0.3621692350659318,0.32998370918137926
3.5,0.29790255925677067,0.23586136165451957
4.5,0.33625412455745207,0.2996845423643216
5.5,0.35998927801274777,0.2723112901656315
6.5,0.3320881844286997,0.2409377493410202
7.5,0.0,0.0
8.5,0.0,0.0
9.5,0.0,0.0
10.5,0.0,0.0
11.5,0.0,0.0
12.5,0.0,0.0
13.5,0.0,0.0
14.5,0.0,0.0
