Distance Bin Center (km),Mean Passthrough Rate,Median Passthrough Rate
0.5,0.4295763636954915,0.38205044659631604
1.5,0.3877300487230658,0.3599258372272439
2.5,0.3754798076000453,0.3435520767498378
3.5,0.33672712405453786,0.2848382455123688
4.5,0.3164950703615412,0.2678402261594829
5.5,0.0,0.0
6.5,0.0,0.0
7.5,0.0,0.0
8.5,0.0,0.0
9.5,0.0,0.0
10.5,0.0,0.0
11.5,0.0,0.0
12.5,0.0,0.0
13.5,0.0,0.0
14.5,0.0,0.0
