Distance Bin Center (km),Mean Passthrough Rate,Median Passthrough Rate
0.5,0.43234635226594087,0.3810340843799883
1.5,0.40476476020319757,0.3666026627105992
2.5,0.3674542964003907,0.3475432117382643
3.5,0.0,0.0
4.5,0.0,0.0
5.5,0.0,0.0
6.5,0.0,0.0
7.5,0.0,0.0
8.5,0.0,0.0
9.5,0.0,0.0
10.5,0.0,0.0
11.5,0.0,0.0
12.5,0.0,0.0
13.5,0.0,0.0
14.5,0.0,0.0
